Workbook

Sheet Read me
A1: Inventory Deployment Planner
A2: Portfolio project by Chiamaka Ikpo · synthetic data for a fictional national brewer (5 depots, 6 SKUs)
A4: What it does
A5: Takes brewery stock available for deployment and allocates it to depots using agreed rules, then flags exceptions and suggests transfers.
A6: It replaces judgement-based allocation in spreadsheets with rules everyone has agreed, so planners only review exceptions.
A8: Business rules
A9: BR-01 Each depot has a target days-of-cover band per SKU class (fast / medium / slow movers). → Inputs: cover bands
A10: BR-02 When supply is short, allocate in proportion to forecast demand, with a minimum floor for priority depots. → Allocation tab
A11: BR-03 Suggest an inter-depot transfer only when projected excess at one depot covers a projected shortfall at another within the transfer lead time. → Transfers tab
A12: BR-04 A depot/SKU is flagged as an exception when projected cover falls outside its band. → Allocation tab, Status column
A14: How to use
A15: 1. Update blue cells on Inputs (bands, supply, priority depots) and Stock (forecast, stock on hand, in transit).
... A20: Days of cover = (stock on hand + in transit) ÷ forecast daily demand. Units are cases.

Sheet Summary
A1: Deployment summary
A2: Imbalance index = spread (standard deviation) of days of cover across depots. Lower = stock more evenly placed.
A4: SKU | B4: Class | C4: Supply (cases) | D4: Total need | E4: Allocated | F4: Unallocated | G4: Short? | H4: Fill of need | I4: Imbalance before (days) | J4: Imbalance after (days) | K4: Exceptions before | L4: Exceptions after | M4: Transfer
A5: =Inputs!A26 -> Lager 60cl bottle | B5: =Inputs!B26 -> Fast | C5: =Inputs!C26 -> 8500 | D5: =SUMIF(Allocation!$A$5:$A$34,A5,Allocation!$I$5:$I$34) -> 10592 | E5: =SUMIF(Allocation!$A$5:$A$34,A5,Allocation!$U$5:$U$34) -> 8498 | F5: =MAX(0,C5-E5) -> 2 | G5: =IF(D5>C5,"Yes","No") -> Yes | H5: =IFERROR(E5/D5,1) -> 0.80230363 | I5: =SQRT(SUMPRODUCT((Allocation!$A$5:$A$34=A5)*(Allocation!$G$5:$G$34-AVERAGEIF(Allocation!$A$5:$A$34,A5,Allocation!$G$5:$G$34))^2)/COUNTIF(Allocation!$A$5:$A$34,A5)) -> 1.3834185 | J5: =SQRT(SUMPRODUCT((Allocation!$A$5:$A$34=A5)*(Allocation!$V$5:$V$34-AVERAGEIF(Allocation!$A$5:$A$34,A5,Allocation!$V$5:$V$34))^2)/COUNTIF(Allocation!$A$5:$A$34,A5)) -> 0.83018036 | K5: =COUNTIFS(Allocation!$A$5:$A$34,A5,Allocation!$Z$5:$Z$34,"<>Within band") -> 2 | L5: =COUNTIFS(Allocation!$A$5:$A$34,A5,Allocation!$Y$5:$Y$34,"<>Within band") -> 0 | M5: =INDEX(Transfers!$H$5:$H$10,MATCH(A5,Transfers!$A$5:$A$10,0)) -> No transfer needed
A6: =Inputs!A27 -> Lager 33cl can | B6: =Inputs!B27 -> Fast | C6: =Inputs!C27 -> 11200 | D6: =SUMIF(Allocation!$A$5:$A$34,A6,Allocation!$I$5:$I$34) -> 8621 | E6: =SUMIF(Allocation!$A$5:$A$34,A6,Allocation!$U$5:$U$34) -> 8621 | F6: =MAX(0,C6-E6) -> 2579 | G6: =IF(D6>C6,"Yes","No") -> No | H6: =IFERROR(E6/D6,1) -> 1 | I6: =SQRT(SUMPRODUCT((Allocation!$A$5:$A$34=A6)*(Allocation!$G$5:$G$34-AVERAGEIF(Allocation!$A$5:$A$34,A6,Allocation!$G$5:$G$34))^2)/COUNTIF(Allocation!$A$5:$A$34,A6)) -> 1.3091505 | J6: =SQRT(SUMPRODUCT((Allocation!$A$5:$A$34=A6)*(Allocation!$V$5:$V$34-AVERAGEIF(Allocation!$A$5:$A$34,A6,Allocation!$V$5:$V$34))^2)/COUNTIF(Allocation!$A$5:$A$34,A6)) -> 0 | K6: =COUNTIFS(Allocation!$A$5:$A$34,A6,Allocation!$Z$5:$Z$34,"<>Within band") -> 3 | L6: =COUNTIFS(Allocation!$A$5:$A$34,A6,Allocation!$Y$5:$Y$34,"<>Within band") -> 0 | M6: =INDEX(Transfers!$H$5:$H$10,MATCH(A6,Transfers!$A$5:$A$10,0)) -> No transfer needed
A7: =Inputs!A28 -> Malt drink 33cl can | B7: =Inputs!B28 -> Medium | C7: =Inputs!C28 -> 5700 | D7: =SUMIF(Allocation!$A$5:$A$34,A7,Allocation!$I$5:$I$34) -> 8195 | E7: =SUMIF(Allocation!$A$5:$A$34,A7,Allocation!$U$5:$U$34) -> 5699 | F7: =MAX(0,C7-E7) -> 1 | G7: =IF(D7>C7,"Yes","No") -> Yes | H7: =IFERROR(E7/D7,1) -> 0.69542404 | I7: =SQRT(SUMPRODUCT((Allocation!$A$5:$A$34=A7)*(Allocation!$G$5:$G$34-AVERAGEIF(Allocation!$A$5:$A$34,A7,Allocation!$G$5:$G$34))^2)/COUNTIF(Allocation!$A$5:$A$34,A7)) -> 7.5108712 | J7: =SQRT(SUMPRODUCT((Allocation!$A$5:$A$34=A7)*(Allocation!$V$5:$V$34-AVERAGEIF(Allocation!$A$5:$A$34,A7,Allocation!$V$5:$V$34))^2)/COUNTIF(Allocation!$A$5:$A$34,A7)) -> 5.9718881 | K7: =COUNTIFS(Allocation!$A$5:$A$34,A7,Allocation!$Z$5:$Z$34,"<>Within band") -> 3 | L7: =COUNTIFS(Allocation!$A$5:$A$34,A7,Allocation!$Y$5:$Y$34,"<>Within band") -> 2 | M7: =INDEX(Transfers!$H$5:$H$10,MATCH(A7,Transfers!$A$5:$A$10,0)) -> Transfer
A8: =Inputs!A29 -> Stout 60cl bottle | B8: =Inputs!B29 -> Medium | C8: =Inputs!C29 -> 8700 | D8: =SUMIF(Allocation!$A$5:$A$34,A8,Allocation!$I$5:$I$34) -> 7880 | E8: =SUMIF(Allocation!$A$5:$A$34,A8,Allocation!$U$5:$U$34) -> 7880 | F8: =MAX(0,C8-E8) -> 820 | G8: =IF(D8>C8,"Yes","No") -> No | H8: =IFERROR(E8/D8,1) -> 1 | I8: =SQRT(SUMPRODUCT((Allocation!$A$5:$A$34=A8)*(Allocation!$G$5:$G$34-AVERAGEIF(Allocation!$A$5:$A$34,A8,Allocation!$G$5:$G$34))^2)/COUNTIF(Allocation!$A$5:$A$34,A8)) -> 9.9046951 | J8: =SQRT(SUMPRODUCT((Allocation!$A$5:$A$34=A8)*(Allocation!$V$5:$V$34-AVERAGEIF(Allocation!$A$5:$A$34,A8,Allocation!$V$5:$V$34))^2)/COUNTIF(Allocation!$A$5:$A$34,A8)) -> 6.7186813 | K8: =COUNTIFS(Allocation!$A$5:$A$34,A8,Allocation!$Z$5:$Z$34,"<>Within band") -> 5 | L8: =COUNTIFS(Allocation!$A$5:$A$34,A8,Allocation!$Y$5:$Y$34,"<>Within band") -> 1 | M8: =INDEX(Transfers!$H$5:$H$10,MATCH(A8,Transfers!$A$5:$A$10,0)) -> No transfer needed
A9: =Inputs!A30 -> Premium lager 33cl bottle | B9: =Inputs!B30 -> Slow | C9: =Inputs!C30 -> 2000 | D9: =SUMIF(Allocation!$A$5:$A$34,A9,Allocation!$I$5:$I$34) -> 2204 | E9: =SUMIF(Allocation!$A$5:$A$34,A9,Allocation!$U$5:$U$34) -> 2000 | F9: =MAX(0,C9-E9) -> 0 | G9: =IF(D9>C9,"Yes","No") -> Yes | H9: =IFERROR(E9/D9,1) -> 0.90744102 | I9: =SQRT(SUMPRODUCT((Allocation!$A$5:$A$34=A9)*(Allocation!$G$5:$G$34-AVERAGEIF(Allocation!$A$5:$A$34,A9,Allocation!$G$5:$G$34))^2)/COUNTIF(Allocation!$A$5:$A$34,A9)) -> 9.1821957 | J9: =SQRT(SUMPRODUCT((Allocation!$A$5:$A$34=A9)*(Allocation!$V$5:$V$34-AVERAGEIF(Allocation!$A$5:$A$34,A9,Allocation!$V$5:$V$34))^2)/COUNTIF(Allocation!$A$5:$A$34,A9)) -> 7.4612332 | K9: =COUNTIFS(Allocation!$A$5:$A$34,A9,Allocation!$Z$5:$Z$34,"<>Within band") -> 1 | L9: =COUNTIFS(Allocation!$A$5:$A$34,A9,Allocation!$Y$5:$Y$34,"<>Within band") -> 1 | M9: =INDEX(Transfers!$H$5:$H$10,MATCH(A9,Transfers!$A$5:$A$10,0)) -> No transfer needed
A10: =Inputs!A31 -> Shandy 33cl can | B10: =Inputs!B31 -> Slow | C10: =Inputs!C31 -> 4300 | D10: =SUMIF(Allocation!$A$5:$A$34,A10,Allocation!$I$5:$I$34) -> 2887 | E10: =SUMIF(Allocation!$A$5:$A$34,A10,Allocation!$U$5:$U$34) -> 2887 | F10: =MAX(0,C10-E10) -> 1413 | G10: =IF(D10>C10,"Yes","No") -> No | H10: =IFERROR(E10/D10,1) -> 1 | I10: =SQRT(SUMPRODUCT((Allocation!$A$5:$A$34=A10)*(Allocation!$G$5:$G$34-AVERAGEIF(Allocation!$A$5:$A$34,A10,Allocation!$G$5:$G$34))^2)/COUNTIF(Allocation!$A$5:$A$34,A10)) -> 1.9345861 | J10: =SQRT(SUMPRODUCT((Allocation!$A$5:$A$34=A10)*(Allocation!$V$5:$V$34-AVERAGEIF(Allocation!$A$5:$A$34,A10,Allocation!$V$5:$V$34))^2)/COUNTIF(Allocation!$A$5:$A$34,A10)) -> 0 | K10: =COUNTIFS(Allocation!$A$5:$A$34,A10,Allocation!$Z$5:$Z$34,"<>Within band") -> 3 | L10: =COUNTIFS(Allocation!$A$5:$A$34,A10,Allocation!$Y$5:$Y$34,"<>Within band") -> 0 | M10: =INDEX(Transfers!$H$5:$H$10,MATCH(A10,Transfers!$A$5:$A$10,0)) -> No transfer needed
A11: Total | C11: =SUM(C5:C10) -> 40400 | D11: =SUM(D5:D10) -> 40379 | E11: =SUM(E5:E10) -> 35585 | F11: =SUM(F5:F10) -> 4815 | H11: =IFERROR(E11/D11,1) -> 0.88127492 | I11: =AVERAGE(I5:I10) -> 5.2041529 | J11: =AVERAGE(J5:J10) -> 3.4969972 | K11: =SUM(K5:K10) -> 17 | L11: =SUM(L5:L10) -> 4
A14: KPIs for this cycle
A15: Depot/SKU exceptions to review (of 30) | C15: =L11 -> 4
A16: Share of rows planners must review (BR-04) | C16: =L11/COUNTA(Allocation!$A$5:$A$34) -> 0.13333333
A17: Average imbalance index before → after (days) | C17: =TEXT(I11,"0.0")&" → "&TEXT(J11,"0.0") -> 5.2 → 3.5
A18: SKUs short of supply | C18: =COUNTIF(G5:G10,"Yes") -> 3
A19: Transfers suggested | C19: =COUNTIF(M5:M10,"Transfer") -> 1

Sheet Inputs
A1: Inputs
A3: Cover bands by SKU class (BR-01), days
A4: Class | B4: Min cover | C4: Target cover | D4: Max cover
A5: Fast | B5: 5 | C5: 8 | D5: 12
A6: Medium | B6: 7 | C6: 12 | D6: 18
A7: Slow | B7: 10 | C7: 18 | D7: 28
A10: Parameters
A11: Priority floor (days of forecast) – BR-02 | B11: 3
A12: Inter-depot transfer lead time (days) – BR-03 | B12: 2
A15: Depots
A16: Depot | B16: Priority depot? (Y/N)
A17: Depot North | B17: N | C17: Priority depots serve key accounts
A18: Depot Central | B18: Y
A19: Depot South-West | B19: Y
A20: Depot South-East | B20: N
A21: Depot Coastal | B21: N
A24: Brewery stock available for deployment this cycle
A25: SKU | B25: Class | C25: Available (cases)
A26: Lager 60cl bottle | B26: Fast | C26: 8500
A27: Lager 33cl can | B27: Fast | C27: 11200
A28: Malt drink 33cl can | B28: Medium | C28: 5700
A29: Stout 60cl bottle | B29: Medium | C29: 8700
A30: Premium lager 33cl bottle | B30: Slow | C30: 2000
A31: Shandy 33cl can | B31: Slow | C31: 4300

Sheet Stock
A1: Stock position and forecast by SKU and depot
A2: Inputs: from the SAP stock and forecast extract at the agreed data cut-off (to-be step 1: Sync).
A4: SKU | B4: Depot | C4: Forecast (cases/day) | D4: Stock on hand | E4: In transit
A5: Lager 60cl bottle | B5: Depot North | C5: 654 | D5: 3269 | E5: 1090
A6: Lager 60cl bottle | B6: Depot Central | C6: 974 | D6: 2316 | E6: 772
A7: Lager 60cl bottle | B7: Depot South-West | C7: 1184 | D7: 5810 | E7: 1937
A8: Lager 60cl bottle | B8: Depot South-East | C8: 690 | D8: 3245 | E8: 1082
A9: Lager 60cl bottle | B9: Depot Coastal | C9: 588 | D9: 1955 | E9: 652
A10: Lager 33cl can | B10: Depot North | C10: 428 | D10: 1107 | E10: 369
A11: Lager 33cl can | B11: Depot Central | C11: 602 | D11: 1948 | E11: 649
A12: Lager 33cl can | B12: Depot South-West | C12: 911 | D12: 3333 | E12: 1111
A13: Lager 33cl can | B13: Depot South-East | C13: 672 | D13: 3085 | E13: 1028
A14: Lager 33cl can | B14: Depot Coastal | C14: 404 | D14: 2164 | E14: 721
A15: Malt drink 33cl can | B15: Depot North | C15: 243 | D15: 774 | E15: 258
A16: Malt drink 33cl can | B16: Depot Central | C16: 393 | D16: 985 | E16: 328
... A34: Shandy 33cl can | B34: Depot Coastal | C34: 48 | D34: 411 | E34: 137

Sheet Allocation
A1: Allocation (BR-02) and exception status (BR-04)
A2: All formulas. Filter Status ≠ 'Within band' to see only the exceptions planners need to review.
A4: SKU | B4: Depot | C4: Class | D4: Priority | E4: Forecast /day | F4: Position (SOH + transit) | G4: Cover now (days) | H4: Target cover | I4: Need to target | J4: SKU supply | K4: SKU total need | L4: Short? | M4: Priority floor | N4: SKU floor total | O4: Floor (scaled) | P4: Remaining need | Q4: Supply after floors | R4: Need ÷ forecast | S4: Use at this ratio | T4: Ratio that fits | U4: Allocation | V4: Projected cover | W4: Min band | X4: Max band | Y4: Status | Z4: Status before | AA4: Excess above max | AB4: Shortfall below min | AC4: Key excess | AD4: Key shortfall | AE4: Base ratio | AF4: Use at base | AG4: Forecast above base | AH4: Share ratio (λ) | AI4: Fair share
A5: =Stock!A5 -> Lager 60cl bottle | B5: =Stock!B5 -> Depot North | C5: =INDEX(Inputs!$B$26:$B$31,MATCH(A5,Inputs!$A$26:$A$31,0)) -> Fast | D5: =INDEX(Inputs!$B$17:$B$21,MATCH(B5,Inputs!$A$17:$A$21,0)) -> N | E5: =Stock!C5 -> 654 | F5: =Stock!D5+Stock!E5 -> 4359 | G5: =IFERROR(F5/E5,0) -> 6.6651376 | H5: =INDEX(Inputs!$C$5:$C$7,MATCH(C5,Inputs!$A$5:$A$7,0)) -> 8 | I5: =MAX(0,ROUND(H5*E5-F5,0)) -> 873 | J5: =INDEX(Inputs!$C$26:$C$31,MATCH(A5,Inputs!$A$26:$A$31,0)) -> 8500 | K5: =SUMIF($A$5:$A$34,A5,$I$5:$I$34) -> 10592 | L5: =IF(K5>J5,"Yes","No") -> Yes | M5: =IF(AND(L5="Yes",D5="Y"),MIN(I5,Inputs!$B$11*E5),0) -> 0 | N5: =SUMIF($A$5:$A$34,A5,$M$5:$M$34) -> 4647 | O5: =IF(N5>J5,M5*J5/N5,M5) -> 0 | P5: =I5-O5 -> 873 | Q5: =MAX(0,J5-MIN(N5,J5)) -> 3853 | R5: =IF(P5>0,P5/E5,0) -> 1.3348624 | S5: =SUMPRODUCT(($A$5:$A$34=A5)*(($P$5:$P$34<R5*$E$5:$E$34)*$P$5:$P$34+($P$5:$P$34>=R5*$E$5:$E$34)*R5*$E$5:$E$34)) -> 3879.1101 | T5: =IF(AND(P5>0,S5<=Q5),R5,0) -> 0 | U5: =IF(L5="No",I5,ROUNDDOWN(O5+AI5,0)) -> 867 | V5: =IFERROR((F5+U5)/E5,0) -> 7.9908257 | W5: =INDEX(Inputs!$B$5:$B$7,MATCH(C5,Inputs!$A$5:$A$7,0)) -> 5 | X5: =INDEX(Inputs!$D$5:$D$7,MATCH(C5,Inputs!$A$5:$A$7,0)) -> 12 | Y5: =IF(V5<W5,"Below band",IF(V5>X5,"Above band","Within band")) -> Within band | Z5: =IF(G5<W5,"Below band",IF(G5>X5,"Above band","Within band")) -> Within band | AA5: =MAX(0,ROUNDDOWN((V5-X5)*E5,0)) -> 0 | AB5: =MAX(0,ROUNDUP((W5-V5)*E5,0)) -> 0 | AC5: =A5&"|"&AA5 -> Lager 60cl bottle|0 | AD5: =A5&"|"&AB5 -> Lager 60cl bottle|0 | AE5: =_xlfn.MAXIFS($T$5:$T$34,$A$5:$A$34,A5) -> 0 | AF5: =SUMPRODUCT(($A$5:$A$34=A5)*(($P$5:$P$34<AE5*$E$5:$E$34)*$P$5:$P$34+($P$5:$P$34>=AE5*$E$5:$E$34)*AE5*$E$5:$E$34)) -> 0 | AG5: =SUMIFS($E$5:$E$34,$A$5:$A$34,A5,$R$5:$R$34,">"&AE5) -> 2906 | AH5: =IF(AG5=0,AE5,AE5+(Q5-AF5)/AG5) -> 1.3258775 | AI5: =MIN(P5,AH5*E5) -> 867.12388
A6: =Stock!A6 -> Lager 60cl bottle | B6: =Stock!B6 -> Depot Central | C6: =INDEX(Inputs!$B$26:$B$31,MATCH(A6,Inputs!$A$26:$A$31,0)) -> Fast | D6: =INDEX(Inputs!$B$17:$B$21,MATCH(B6,Inputs!$A$17:$A$21,0)) -> Y | E6: =Stock!C6 -> 974 | F6: =Stock!D6+Stock!E6 -> 3088 | G6: =IFERROR(F6/E6,0) -> 3.1704312 | H6: =INDEX(Inputs!$C$5:$C$7,MATCH(C6,Inputs!$A$5:$A$7,0)) -> 8 | I6: =MAX(0,ROUND(H6*E6-F6,0)) -> 4704 | J6: =INDEX(Inputs!$C$26:$C$31,MATCH(A6,Inputs!$A$26:$A$31,0)) -> 8500 | K6: =SUMIF($A$5:$A$34,A6,$I$5:$I$34) -> 10592 | L6: =IF(K6>J6,"Yes","No") -> Yes | M6: =IF(AND(L6="Yes",D6="Y"),MIN(I6,Inputs!$B$11*E6),0) -> 2922 | N6: =SUMIF($A$5:$A$34,A6,$M$5:$M$34) -> 4647 | O6: =IF(N6>J6,M6*J6/N6,M6) -> 2922 | P6: =I6-O6 -> 1782 | Q6: =MAX(0,J6-MIN(N6,J6)) -> 3853 | R6: =IF(P6>0,P6/E6,0) -> 1.8295688 | S6: =SUMPRODUCT(($A$5:$A$34=A6)*(($P$5:$P$34<R6*$E$5:$E$34)*$P$5:$P$34+($P$5:$P$34>=R6*$E$5:$E$34)*R6*$E$5:$E$34)) -> 4923.7864 | T6: =IF(AND(P6>0,S6<=Q6),R6,0) -> 0 | U6: =IF(L6="No",I6,ROUNDDOWN(O6+AI6,0)) -> 4213 | V6: =IFERROR((F6+U6)/E6,0) -> 7.4958932 | W6: =INDEX(Inputs!$B$5:$B$7,MATCH(C6,Inputs!$A$5:$A$7,0)) -> 5 | X6: =INDEX(Inputs!$D$5:$D$7,MATCH(C6,Inputs!$A$5:$A$7,0)) -> 12 | Y6: =IF(V6<W6,"Below band",IF(V6>X6,"Above band","Within band")) -> Within band | Z6: =IF(G6<W6,"Below band",IF(G6>X6,"Above band","Within band")) -> Below band | AA6: =MAX(0,ROUNDDOWN((V6-X6)*E6,0)) -> 0 | AB6: =MAX(0,ROUNDUP((W6-V6)*E6,0)) -> 0 | AC6: =A6&"|"&AA6 -> Lager 60cl bottle|0 | AD6: =A6&"|"&AB6 -> Lager 60cl bottle|0 | AE6: =_xlfn.MAXIFS($T$5:$T$34,$A$5:$A$34,A6) -> 0 | AF6: =SUMPRODUCT(($A$5:$A$34=A6)*(($P$5:$P$34<AE6*$E$5:$E$34)*$P$5:$P$34+($P$5:$P$34>=AE6*$E$5:$E$34)*AE6*$E$5:$E$34)) -> 0 | AG6: =SUMIFS($E$5:$E$34,$A$5:$A$34,A6,$R$5:$R$34,">"&AE6) -> 2906 | AH6: =IF(AG6=0,AE6,AE6+(Q6-AF6)/AG6) -> 1.3258775 | AI6: =MIN(P6,AH6*E6) -> 1291.4047
A7: =Stock!A7 -> Lager 60cl bottle | B7: =Stock!B7 -> Depot South-West | C7: =INDEX(Inputs!$B$26:$B$31,MATCH(A7,Inputs!$A$26:$A$31,0)) -> Fast | D7: =INDEX(Inputs!$B$17:$B$21,MATCH(B7,Inputs!$A$17:$A$21,0)) -> Y | E7: =Stock!C7 -> 1184 | F7: =Stock!D7+Stock!E7 -> 7747 | G7: =IFERROR(F7/E7,0) -> 6.5430743 | H7: =INDEX(Inputs!$C$5:$C$7,MATCH(C7,Inputs!$A$5:$A$7,0)) -> 8 | I7: =MAX(0,ROUND(H7*E7-F7,0)) -> 1725 | J7: =INDEX(Inputs!$C$26:$C$31,MATCH(A7,Inputs!$A$26:$A$31,0)) -> 8500 | K7: =SUMIF($A$5:$A$34,A7,$I$5:$I$34) -> 10592 | L7: =IF(K7>J7,"Yes","No") -> Yes | M7: =IF(AND(L7="Yes",D7="Y"),MIN(I7,Inputs!$B$11*E7),0) -> 1725 | N7: =SUMIF($A$5:$A$34,A7,$M$5:$M$34) -> 4647 | O7: =IF(N7>J7,M7*J7/N7,M7) -> 1725 | P7: =I7-O7 -> 0 | Q7: =MAX(0,J7-MIN(N7,J7)) -> 3853 | R7: =IF(P7>0,P7/E7,0) -> 0 | S7: =SUMPRODUCT(($A$5:$A$34=A7)*(($P$5:$P$34<R7*$E$5:$E$34)*$P$5:$P$34+($P$5:$P$34>=R7*$E$5:$E$34)*R7*$E$5:$E$34)) -> 0 | T7: =IF(AND(P7>0,S7<=Q7),R7,0) -> 0 | U7: =IF(L7="No",I7,ROUNDDOWN(O7+AI7,0)) -> 1725 | V7: =IFERROR((F7+U7)/E7,0) -> 8 | W7: =INDEX(Inputs!$B$5:$B$7,MATCH(C7,Inputs!$A$5:$A$7,0)) -> 5 | X7: =INDEX(Inputs!$D$5:$D$7,MATCH(C7,Inputs!$A$5:$A$7,0)) -> 12 | Y7: =IF(V7<W7,"Below band",IF(V7>X7,"Above band","Within band")) -> Within band | Z7: =IF(G7<W7,"Below band",IF(G7>X7,"Above band","Within band")) -> Within band | AA7: =MAX(0,ROUNDDOWN((V7-X7)*E7,0)) -> 0 | AB7: =MAX(0,ROUNDUP((W7-V7)*E7,0)) -> 0 | AC7: =A7&"|"&AA7 -> Lager 60cl bottle|0 | AD7: =A7&"|"&AB7 -> Lager 60cl bottle|0 | AE7: =_xlfn.MAXIFS($T$5:$T$34,$A$5:$A$34,A7) -> 0 | AF7: =SUMPRODUCT(($A$5:$A$34=A7)*(($P$5:$P$34<AE7*$E$5:$E$34)*$P$5:$P$34+($P$5:$P$34>=AE7*$E$5:$E$34)*AE7*$E$5:$E$34)) -> 0 | AG7: =SUMIFS($E$5:$E$34,$A$5:$A$34,A7,$R$5:$R$34,">"&AE7) -> 2906 | AH7: =IF(AG7=0,AE7,AE7+(Q7-AF7)/AG7) -> 1.3258775 | AI7: =MIN(P7,AH7*E7) -> 0
A8: =Stock!A8 -> Lager 60cl bottle | B8: =Stock!B8 -> Depot South-East | C8: =INDEX(Inputs!$B$26:$B$31,MATCH(A8,Inputs!$A$26:$A$31,0)) -> Fast | D8: =INDEX(Inputs!$B$17:$B$21,MATCH(B8,Inputs!$A$17:$A$21,0)) -> N | E8: =Stock!C8 -> 690 | F8: =Stock!D8+Stock!E8 -> 4327 | G8: =IFERROR(F8/E8,0) -> 6.2710145 | H8: =INDEX(Inputs!$C$5:$C$7,MATCH(C8,Inputs!$A$5:$A$7,0)) -> 8 | I8: =MAX(0,ROUND(H8*E8-F8,0)) -> 1193 | J8: =INDEX(Inputs!$C$26:$C$31,MATCH(A8,Inputs!$A$26:$A$31,0)) -> 8500 | K8: =SUMIF($A$5:$A$34,A8,$I$5:$I$34) -> 10592 | L8: =IF(K8>J8,"Yes","No") -> Yes | M8: =IF(AND(L8="Yes",D8="Y"),MIN(I8,Inputs!$B$11*E8),0) -> 0 | N8: =SUMIF($A$5:$A$34,A8,$M$5:$M$34) -> 4647 | O8: =IF(N8>J8,M8*J8/N8,M8) -> 0 | P8: =I8-O8 -> 1193 | Q8: =MAX(0,J8-MIN(N8,J8)) -> 3853 | R8: =IF(P8>0,P8/E8,0) -> 1.7289855 | S8: =SUMPRODUCT(($A$5:$A$34=A8)*(($P$5:$P$34<R8*$E$5:$E$34)*$P$5:$P$34+($P$5:$P$34>=R8*$E$5:$E$34)*R8*$E$5:$E$34)) -> 4766.6754 | T8: =IF(AND(P8>0,S8<=Q8),R8,0) -> 0 | U8: =IF(L8="No",I8,ROUNDDOWN(O8+AI8,0)) -> 914 | V8: =IFERROR((F8+U8)/E8,0) -> 7.5956522 | W8: =INDEX(Inputs!$B$5:$B$7,MATCH(C8,Inputs!$A$5:$A$7,0)) -> 5 | X8: =INDEX(Inputs!$D$5:$D$7,MATCH(C8,Inputs!$A$5:$A$7,0)) -> 12 | Y8: =IF(V8<W8,"Below band",IF(V8>X8,"Above band","Within band")) -> Within band | Z8: =IF(G8<W8,"Below band",IF(G8>X8,"Above band","Within band")) -> Within band | AA8: =MAX(0,ROUNDDOWN((V8-X8)*E8,0)) -> 0 | AB8: =MAX(0,ROUNDUP((W8-V8)*E8,0)) -> 0 | AC8: =A8&"|"&AA8 -> Lager 60cl bottle|0 | AD8: =A8&"|"&AB8 -> Lager 60cl bottle|0 | AE8: =_xlfn.MAXIFS($T$5:$T$34,$A$5:$A$34,A8) -> 0 | AF8: =SUMPRODUCT(($A$5:$A$34=A8)*(($P$5:$P$34<AE8*$E$5:$E$34)*$P$5:$P$34+($P$5:$P$34>=AE8*$E$5:$E$34)*AE8*$E$5:$E$34)) -> 0 | AG8: =SUMIFS($E$5:$E$34,$A$5:$A$34,A8,$R$5:$R$34,">"&AE8) -> 2906 | AH8: =IF(AG8=0,AE8,AE8+(Q8-AF8)/AG8) -> 1.3258775 | AI8: =MIN(P8,AH8*E8) -> 914.85547
A9: =Stock!A9 -> Lager 60cl bottle | B9: =Stock!B9 -> Depot Coastal | C9: =INDEX(Inputs!$B$26:$B$31,MATCH(A9,Inputs!$A$26:$A$31,0)) -> Fast | D9: =INDEX(Inputs!$B$17:$B$21,MATCH(B9,Inputs!$A$17:$A$21,0)) -> N | E9: =Stock!C9 -> 588 | F9: =Stock!D9+Stock!E9 -> 2607 | G9: =IFERROR(F9/E9,0) -> 4.4336735 | H9: =INDEX(Inputs!$C$5:$C$7,MATCH(C9,Inputs!$A$5:$A$7,0)) -> 8 | I9: =MAX(0,ROUND(H9*E9-F9,0)) -> 2097 | J9: =INDEX(Inputs!$C$26:$C$31,MATCH(A9,Inputs!$A$26:$A$31,0)) -> 8500 | K9: =SUMIF($A$5:$A$34,A9,$I$5:$I$34) -> 10592 | L9: =IF(K9>J9,"Yes","No") -> Yes | M9: =IF(AND(L9="Yes",D9="Y"),MIN(I9,Inputs!$B$11*E9),0) -> 0 | N9: =SUMIF($A$5:$A$34,A9,$M$5:$M$34) -> 4647 | O9: =IF(N9>J9,M9*J9/N9,M9) -> 0 | P9: =I9-O9 -> 2097 | Q9: =MAX(0,J9-MIN(N9,J9)) -> 3853 | R9: =IF(P9>0,P9/E9,0) -> 3.5663265 | S9: =SUMPRODUCT(($A$5:$A$34=A9)*(($P$5:$P$34<R9*$E$5:$E$34)*$P$5:$P$34+($P$5:$P$34>=R9*$E$5:$E$34)*R9*$E$5:$E$34)) -> 5945 | T9: =IF(AND(P9>0,S9<=Q9),R9,0) -> 0 | U9: =IF(L9="No",I9,ROUNDDOWN(O9+AI9,0)) -> 779 | V9: =IFERROR((F9+U9)/E9,0) -> 5.7585034 | W9: =INDEX(Inputs!$B$5:$B$7,MATCH(C9,Inputs!$A$5:$A$7,0)) -> 5 | X9: =INDEX(Inputs!$D$5:$D$7,MATCH(C9,Inputs!$A$5:$A$7,0)) -> 12 | Y9: =IF(V9<W9,"Below band",IF(V9>X9,"Above band","Within band")) -> Within band | Z9: =IF(G9<W9,"Below band",IF(G9>X9,"Above band","Within band")) -> Below band | AA9: =MAX(0,ROUNDDOWN((V9-X9)*E9,0)) -> 0 | AB9: =MAX(0,ROUNDUP((W9-V9)*E9,0)) -> 0 | AC9: =A9&"|"&AA9 -> Lager 60cl bottle|0 | AD9: =A9&"|"&AB9 -> Lager 60cl bottle|0 | AE9: =_xlfn.MAXIFS($T$5:$T$34,$A$5:$A$34,A9) -> 0 | AF9: =SUMPRODUCT(($A$5:$A$34=A9)*(($P$5:$P$34<AE9*$E$5:$E$34)*$P$5:$P$34+($P$5:$P$34>=AE9*$E$5:$E$34)*AE9*$E$5:$E$34)) -> 0 | AG9: =SUMIFS($E$5:$E$34,$A$5:$A$34,A9,$R$5:$R$34,">"&AE9) -> 2906 | AH9: =IF(AG9=0,AE9,AE9+(Q9-AF9)/AG9) -> 1.3258775 | AI9: =MIN(P9,AH9*E9) -> 779.61597
A10: =Stock!A10 -> Lager 33cl can | B10: =Stock!B10 -> Depot North | C10: =INDEX(Inputs!$B$26:$B$31,MATCH(A10,Inputs!$A$26:$A$31,0)) -> Fast | D10: =INDEX(Inputs!$B$17:$B$21,MATCH(B10,Inputs!$A$17:$A$21,0)) -> N | E10: =Stock!C10 -> 428 | F10: =Stock!D10+Stock!E10 -> 1476 | G10: =IFERROR(F10/E10,0) -> 3.4485981 | H10: =INDEX(Inputs!$C$5:$C$7,MATCH(C10,Inputs!$A$5:$A$7,0)) -> 8 | I10: =MAX(0,ROUND(H10*E10-F10,0)) -> 1948 | J10: =INDEX(Inputs!$C$26:$C$31,MATCH(A10,Inputs!$A$26:$A$31,0)) -> 11200 | K10: =SUMIF($A$5:$A$34,A10,$I$5:$I$34) -> 8621 | L10: =IF(K10>J10,"Yes","No") -> No | M10: =IF(AND(L10="Yes",D10="Y"),MIN(I10,Inputs!$B$11*E10),0) -> 0 | N10: =SUMIF($A$5:$A$34,A10,$M$5:$M$34) -> 0 | O10: =IF(N10>J10,M10*J10/N10,M10) -> 0 | P10: =I10-O10 -> 1948 | Q10: =MAX(0,J10-MIN(N10,J10)) -> 11200 | R10: =IF(P10>0,P10/E10,0) -> 4.5514019 | S10: =SUMPRODUCT(($A$5:$A$34=A10)*(($P$5:$P$34<R10*$E$5:$E$34)*$P$5:$P$34+($P$5:$P$34>=R10*$E$5:$E$34)*R10*$E$5:$E$34)) -> 8621 | T10: =IF(AND(P10>0,S10<=Q10),R10,0) -> 4.5514019 | U10: =IF(L10="No",I10,ROUNDDOWN(O10+AI10,0)) -> 1948 | V10: =IFERROR((F10+U10)/E10,0) -> 8 | W10: =INDEX(Inputs!$B$5:$B$7,MATCH(C10,Inputs!$A$5:$A$7,0)) -> 5 | X10: =INDEX(Inputs!$D$5:$D$7,MATCH(C10,Inputs!$A$5:$A$7,0)) -> 12 | Y10: =IF(V10<W10,"Below band",IF(V10>X10,"Above band","Within band")) -> Within band | Z10: =IF(G10<W10,"Below band",IF(G10>X10,"Above band","Within band")) -> Below band | AA10: =MAX(0,ROUNDDOWN((V10-X10)*E10,0)) -> 0 | AB10: =MAX(0,ROUNDUP((W10-V10)*E10,0)) -> 0 | AC10: =A10&"|"&AA10 -> Lager 33cl can|0 | AD10: =A10&"|"&AB10 -> Lager 33cl can|0 | AE10: =_xlfn.MAXIFS($T$5:$T$34,$A$5:$A$34,A10) -> 4.5514019 | AF10: =SUMPRODUCT(($A$5:$A$34=A10)*(($P$5:$P$34<AE10*$E$5:$E$34)*$P$5:$P$34+($P$5:$P$34>=AE10*$E$5:$E$34)*AE10*$E$5:$E$34)) -> 8621 | AG10: =SUMIFS($E$5:$E$34,$A$5:$A$34,A10,$R$5:$R$34,">"&AE10) -> 0 | AH10: =IF(AG10=0,AE10,AE10+(Q10-AF10)/AG10) -> 4.5514019 | AI10: =MIN(P10,AH10*E10) -> 1948
A11: =Stock!A11 -> Lager 33cl can | B11: =Stock!B11 -> Depot Central | C11: =INDEX(Inputs!$B$26:$B$31,MATCH(A11,Inputs!$A$26:$A$31,0)) -> Fast | D11: =INDEX(Inputs!$B$17:$B$21,MATCH(B11,Inputs!$A$17:$A$21,0)) -> Y | E11: =Stock!C11 -> 602 | F11: =Stock!D11+Stock!E11 -> 2597 | G11: =IFERROR(F11/E11,0) -> 4.3139535 | H11: =INDEX(Inputs!$C$5:$C$7,MATCH(C11,Inputs!$A$5:$A$7,0)) -> 8 | I11: =MAX(0,ROUND(H11*E11-F11,0)) -> 2219 | J11: =INDEX(Inputs!$C$26:$C$31,MATCH(A11,Inputs!$A$26:$A$31,0)) -> 11200 | K11: =SUMIF($A$5:$A$34,A11,$I$5:$I$34) -> 8621 | L11: =IF(K11>J11,"Yes","No") -> No | M11: =IF(AND(L11="Yes",D11="Y"),MIN(I11,Inputs!$B$11*E11),0) -> 0 | N11: =SUMIF($A$5:$A$34,A11,$M$5:$M$34) -> 0 | O11: =IF(N11>J11,M11*J11/N11,M11) -> 0 | P11: =I11-O11 -> 2219 | Q11: =MAX(0,J11-MIN(N11,J11)) -> 11200 | R11: =IF(P11>0,P11/E11,0) -> 3.6860465 | S11: =SUMPRODUCT(($A$5:$A$34=A11)*(($P$5:$P$34<R11*$E$5:$E$34)*$P$5:$P$34+($P$5:$P$34>=R11*$E$5:$E$34)*R11*$E$5:$E$34)) -> 8250.6279 | T11: =IF(AND(P11>0,S11<=Q11),R11,0) -> 3.6860465 | U11: =IF(L11="No",I11,ROUNDDOWN(O11+AI11,0)) -> 2219 | V11: =IFERROR((F11+U11)/E11,0) -> 8 | W11: =INDEX(Inputs!$B$5:$B$7,MATCH(C11,Inputs!$A$5:$A$7,0)) -> 5 | X11: =INDEX(Inputs!$D$5:$D$7,MATCH(C11,Inputs!$A$5:$A$7,0)) -> 12 | Y11: =IF(V11<W11,"Below band",IF(V11>X11,"Above band","Within band")) -> Within band | Z11: =IF(G11<W11,"Below band",IF(G11>X11,"Above band","Within band")) -> Below band | AA11: =MAX(0,ROUNDDOWN((V11-X11)*E11,0)) -> 0 | AB11: =MAX(0,ROUNDUP((W11-V11)*E11,0)) -> 0 | AC11: =A11&"|"&AA11 -> Lager 33cl can|0 | AD11: =A11&"|"&AB11 -> Lager 33cl can|0 | AE11: =_xlfn.MAXIFS($T$5:$T$34,$A$5:$A$34,A11) -> 4.5514019 | AF11: =SUMPRODUCT(($A$5:$A$34=A11)*(($P$5:$P$34<AE11*$E$5:$E$34)*$P$5:$P$34+($P$5:$P$34>=AE11*$E$5:$E$34)*AE11*$E$5:$E$34)) -> 8621 | AG11: =SUMIFS($E$5:$E$34,$A$5:$A$34,A11,$R$5:$R$34,">"&AE11) -> 0 | AH11: =IF(AG11=0,AE11,AE11+(Q11-AF11)/AG11) -> 4.5514019 | AI11: =MIN(P11,AH11*E11) -> 2219
A12: =Stock!A12 -> Lager 33cl can | B12: =Stock!B12 -> Depot South-West | C12: =INDEX(Inputs!$B$26:$B$31,MATCH(A12,Inputs!$A$26:$A$31,0)) -> Fast | D12: =INDEX(Inputs!$B$17:$B$21,MATCH(B12,Inputs!$A$17:$A$21,0)) -> Y | E12: =Stock!C12 -> 911 | F12: =Stock!D12+Stock!E12 -> 4444 | G12: =IFERROR(F12/E12,0) -> 4.8781559 | H12: =INDEX(Inputs!$C$5:$C$7,MATCH(C12,Inputs!$A$5:$A$7,0)) -> 8 | I12: =MAX(0,ROUND(H12*E12-F12,0)) -> 2844 | J12: =INDEX(Inputs!$C$26:$C$31,MATCH(A12,Inputs!$A$26:$A$31,0)) -> 11200 | K12: =SUMIF($A$5:$A$34,A12,$I$5:$I$34) -> 8621 | L12: =IF(K12>J12,"Yes","No") -> No | M12: =IF(AND(L12="Yes",D12="Y"),MIN(I12,Inputs!$B$11*E12),0) -> 0 | N12: =SUMIF($A$5:$A$34,A12,$M$5:$M$34) -> 0 | O12: =IF(N12>J12,M12*J12/N12,M12) -> 0 | P12: =I12-O12 -> 2844 | Q12: =MAX(0,J12-MIN(N12,J12)) -> 11200 | R12: =IF(P12>0,P12/E12,0) -> 3.1218441 | S12: =SUMPRODUCT(($A$5:$A$34=A12)*(($P$5:$P$34<R12*$E$5:$E$34)*$P$5:$P$34+($P$5:$P$34>=R12*$E$5:$E$34)*R12*$E$5:$E$34)) -> 7669.4995 | T12: =IF(AND(P12>0,S12<=Q12),R12,0) -> 3.1218441 | U12: =IF(L12="No",I12,ROUNDDOWN(O12+AI12,0)) -> 2844 | V12: =IFERROR((F12+U12)/E12,0) -> 8 | W12: =INDEX(Inputs!$B$5:$B$7,MATCH(C12,Inputs!$A$5:$A$7,0)) -> 5 | X12: =INDEX(Inputs!$D$5:$D$7,MATCH(C12,Inputs!$A$5:$A$7,0)) -> 12 | Y12: =IF(V12<W12,"Below band",IF(V12>X12,"Above band","Within band")) -> Within band | Z12: =IF(G12<W12,"Below band",IF(G12>X12,"Above band","Within band")) -> Below band | AA12: =MAX(0,ROUNDDOWN((V12-X12)*E12,0)) -> 0 | AB12: =MAX(0,ROUNDUP((W12-V12)*E12,0)) -> 0 | AC12: =A12&"|"&AA12 -> Lager 33cl can|0 | AD12: =A12&"|"&AB12 -> Lager 33cl can|0 | AE12: =_xlfn.MAXIFS($T$5:$T$34,$A$5:$A$34,A12) -> 4.5514019 | AF12: =SUMPRODUCT(($A$5:$A$34=A12)*(($P$5:$P$34<AE12*$E$5:$E$34)*$P$5:$P$34+($P$5:$P$34>=AE12*$E$5:$E$34)*AE12*$E$5:$E$34)) -> 8621 | AG12: =SUMIFS($E$5:$E$34,$A$5:$A$34,A12,$R$5:$R$34,">"&AE12) -> 0 | AH12: =IF(AG12=0,AE12,AE12+(Q12-AF12)/AG12) -> 4.5514019 | AI12: =MIN(P12,AH12*E12) -> 2844
A13: =Stock!A13 -> Lager 33cl can | B13: =Stock!B13 -> Depot South-East | C13: =INDEX(Inputs!$B$26:$B$31,MATCH(A13,Inputs!$A$26:$A$31,0)) -> Fast | D13: =INDEX(Inputs!$B$17:$B$21,MATCH(B13,Inputs!$A$17:$A$21,0)) -> N | E13: =Stock!C13 -> 672 | F13: =Stock!D13+Stock!E13 -> 4113 | G13: =IFERROR(F13/E13,0) -> 6.1205357 | H13: =INDEX(Inputs!$C$5:$C$7,MATCH(C13,Inputs!$A$5:$A$7,0)) -> 8 | I13: =MAX(0,ROUND(H13*E13-F13,0)) -> 1263 | J13: =INDEX(Inputs!$C$26:$C$31,MATCH(A13,Inputs!$A$26:$A$31,0)) -> 11200 | K13: =SUMIF($A$5:$A$34,A13,$I$5:$I$34) -> 8621 | L13: =IF(K13>J13,"Yes","No") -> No | M13: =IF(AND(L13="Yes",D13="Y"),MIN(I13,Inputs!$B$11*E13),0) -> 0 | N13: =SUMIF($A$5:$A$34,A13,$M$5:$M$34) -> 0 | O13: =IF(N13>J13,M13*J13/N13,M13) -> 0 | P13: =I13-O13 -> 1263 | Q13: =MAX(0,J13-MIN(N13,J13)) -> 11200 | R13: =IF(P13>0,P13/E13,0) -> 1.8794643 | S13: =SUMPRODUCT(($A$5:$A$34=A13)*(($P$5:$P$34<R13*$E$5:$E$34)*$P$5:$P$34+($P$5:$P$34>=R13*$E$5:$E$34)*R13*$E$5:$E$34)) -> 5258.0402 | T13: =IF(AND(P13>0,S13<=Q13),R13,0) -> 1.8794643 | U13: =IF(L13="No",I13,ROUNDDOWN(O13+AI13,0)) -> 1263 | V13: =IFERROR((F13+U13)/E13,0) -> 8 | W13: =INDEX(Inputs!$B$5:$B$7,MATCH(C13,Inputs!$A$5:$A$7,0)) -> 5 | X13: =INDEX(Inputs!$D$5:$D$7,MATCH(C13,Inputs!$A$5:$A$7,0)) -> 12 | Y13: =IF(V13<W13,"Below band",IF(V13>X13,"Above band","Within band")) -> Within band | Z13: =IF(G13<W13,"Below band",IF(G13>X13,"Above band","Within band")) -> Within band | AA13: =MAX(0,ROUNDDOWN((V13-X13)*E13,0)) -> 0 | AB13: =MAX(0,ROUNDUP((W13-V13)*E13,0)) -> 0 | AC13: =A13&"|"&AA13 -> Lager 33cl can|0 | AD13: =A13&"|"&AB13 -> Lager 33cl can|0 | AE13: =_xlfn.MAXIFS($T$5:$T$34,$A$5:$A$34,A13) -> 4.5514019 | AF13: =SUMPRODUCT(($A$5:$A$34=A13)*(($P$5:$P$34<AE13*$E$5:$E$34)*$P$5:$P$34+($P$5:$P$34>=AE13*$E$5:$E$34)*AE13*$E$5:$E$34)) -> 8621 | AG13: =SUMIFS($E$5:$E$34,$A$5:$A$34,A13,$R$5:$R$34,">"&AE13) -> 0 | AH13: =IF(AG13=0,AE13,AE13+(Q13-AF13)/AG13) -> 4.5514019 | AI13: =MIN(P13,AH13*E13) -> 1263
A14: =Stock!A14 -> Lager 33cl can | B14: =Stock!B14 -> Depot Coastal | C14: =INDEX(Inputs!$B$26:$B$31,MATCH(A14,Inputs!$A$26:$A$31,0)) -> Fast | D14: =INDEX(Inputs!$B$17:$B$21,MATCH(B14,Inputs!$A$17:$A$21,0)) -> N | E14: =Stock!C14 -> 404 | F14: =Stock!D14+Stock!E14 -> 2885 | G14: =IFERROR(F14/E14,0) -> 7.1410891 | H14: =INDEX(Inputs!$C$5:$C$7,MATCH(C14,Inputs!$A$5:$A$7,0)) -> 8 | I14: =MAX(0,ROUND(H14*E14-F14,0)) -> 347 | J14: =INDEX(Inputs!$C$26:$C$31,MATCH(A14,Inputs!$A$26:$A$31,0)) -> 11200 | K14: =SUMIF($A$5:$A$34,A14,$I$5:$I$34) -> 8621 | L14: =IF(K14>J14,"Yes","No") -> No | M14: =IF(AND(L14="Yes",D14="Y"),MIN(I14,Inputs!$B$11*E14),0) -> 0 | N14: =SUMIF($A$5:$A$34,A14,$M$5:$M$34) -> 0 | O14: =IF(N14>J14,M14*J14/N14,M14) -> 0 | P14: =I14-O14 -> 347 | Q14: =MAX(0,J14-MIN(N14,J14)) -> 11200 | R14: =IF(P14>0,P14/E14,0) -> 0.85891089 | S14: =SUMPRODUCT(($A$5:$A$34=A14)*(($P$5:$P$34<R14*$E$5:$E$34)*$P$5:$P$34+($P$5:$P$34>=R14*$E$5:$E$34)*R14*$E$5:$E$34)) -> 2591.3342 | T14: =IF(AND(P14>0,S14<=Q14),R14,0) -> 0.85891089 | U14: =IF(L14="No",I14,ROUNDDOWN(O14+AI14,0)) -> 347 | V14: =IFERROR((F14+U14)/E14,0) -> 8 | W14: =INDEX(Inputs!$B$5:$B$7,MATCH(C14,Inputs!$A$5:$A$7,0)) -> 5 | X14: =INDEX(Inputs!$D$5:$D$7,MATCH(C14,Inputs!$A$5:$A$7,0)) -> 12 | Y14: =IF(V14<W14,"Below band",IF(V14>X14,"Above band","Within band")) -> Within band | Z14: =IF(G14<W14,"Below band",IF(G14>X14,"Above band","Within band")) -> Within band | AA14: =MAX(0,ROUNDDOWN((V14-X14)*E14,0)) -> 0 | AB14: =MAX(0,ROUNDUP((W14-V14)*E14,0)) -> 0 | AC14: =A14&"|"&AA14 -> Lager 33cl can|0 | AD14: =A14&"|"&AB14 -> Lager 33cl can|0 | AE14: =_xlfn.MAXIFS($T$5:$T$34,$A$5:$A$34,A14) -> 4.5514019 | AF14: =SUMPRODUCT(($A$5:$A$34=A14)*(($P$5:$P$34<AE14*$E$5:$E$34)*$P$5:$P$34+($P$5:$P$34>=AE14*$E$5:$E$34)*AE14*$E$5:$E$34)) -> 8621 | AG14: =SUMIFS($E$5:$E$34,$A$5:$A$34,A14,$R$5:$R$34,">"&AE14) -> 0 | AH14: =IF(AG14=0,AE14,AE14+(Q14-AF14)/AG14) -> 4.5514019 | AI14: =MIN(P14,AH14*E14) -> 347
A15: =Stock!A15 -> Malt drink 33cl can | B15: =Stock!B15 -> Depot North | C15: =INDEX(Inputs!$B$26:$B$31,MATCH(A15,Inputs!$A$26:$A$31,0)) -> Medium | D15: =INDEX(Inputs!$B$17:$B$21,MATCH(B15,Inputs!$A$17:$A$21,0)) -> N | E15: =Stock!C15 -> 243 | F15: =Stock!D15+Stock!E15 -> 1032 | G15: =IFERROR(F15/E15,0) -> 4.2469136 | H15: =INDEX(Inputs!$C$5:$C$7,MATCH(C15,Inputs!$A$5:$A$7,0)) -> 12 | I15: =MAX(0,ROUND(H15*E15-F15,0)) -> 1884 | J15: =INDEX(Inputs!$C$26:$C$31,MATCH(A15,Inputs!$A$26:$A$31,0)) -> 5700 | K15: =SUMIF($A$5:$A$34,A15,$I$5:$I$34) -> 8195 | L15: =IF(K15>J15,"Yes","No") -> Yes | M15: =IF(AND(L15="Yes",D15="Y"),MIN(I15,Inputs!$B$11*E15),0) -> 0 | N15: =SUMIF($A$5:$A$34,A15,$M$5:$M$34) -> 2553 | O15: =IF(N15>J15,M15*J15/N15,M15) -> 0 | P15: =I15-O15 -> 1884 | Q15: =MAX(0,J15-MIN(N15,J15)) -> 3147 | R15: =IF(P15>0,P15/E15,0) -> 7.7530864 | S15: =SUMPRODUCT(($A$5:$A$34=A15)*(($P$5:$P$34<R15*$E$5:$E$34)*$P$5:$P$34+($P$5:$P$34>=R15*$E$5:$E$34)*R15*$E$5:$E$34)) -> 5642 | T15: =IF(AND(P15>0,S15<=Q15),R15,0) -> 0 | U15: =IF(L15="No",I15,ROUNDDOWN(O15+AI15,0)) -> 616 | V15: =IFERROR((F15+U15)/E15,0) -> 6.781893 | W15: =INDEX(Inputs!$B$5:$B$7,MATCH(C15,Inputs!$A$5:$A$7,0)) -> 7 | X15: =INDEX(Inputs!$D$5:$D$7,MATCH(C15,Inputs!$A$5:$A$7,0)) -> 18 | Y15: =IF(V15<W15,"Below band",IF(V15>X15,"Above band","Within band")) -> Below band | Z15: =IF(G15<W15,"Below band",IF(G15>X15,"Above band","Within band")) -> Below band | AA15: =MAX(0,ROUNDDOWN((V15-X15)*E15,0)) -> 0 | AB15: =MAX(0,ROUNDUP((W15-V15)*E15,0)) -> 53 | AC15: =A15&"|"&AA15 -> Malt drink 33cl can|0 | AD15: =A15&"|"&AB15 -> Malt drink 33cl can|53 | AE15: =_xlfn.MAXIFS($T$5:$T$34,$A$5:$A$34,A15) -> 1.9847162 | AF15: =SUMPRODUCT(($A$5:$A$34=A15)*(($P$5:$P$34<AE15*$E$5:$E$34)*$P$5:$P$34+($P$5:$P$34>=AE15*$E$5:$E$34)*AE15*$E$5:$E$34)) -> 2796.2795 | AG15: =SUMIFS($E$5:$E$34,$A$5:$A$34,A15,$R$5:$R$34,">"&AE15) -> 636 | AH15: =IF(AG15=0,AE15,AE15+(Q15-AF15)/AG15) -> 2.5361635 | AI15: =MIN(P15,AH15*E15) -> 616.28774
A16: =Stock!A16 -> Malt drink 33cl can | B16: =Stock!B16 -> Depot Central | C16: =INDEX(Inputs!$B$26:$B$31,MATCH(A16,Inputs!$A$26:$A$31,0)) -> Medium | D16: =INDEX(Inputs!$B$17:$B$21,MATCH(B16,Inputs!$A$17:$A$21,0)) -> Y | E16: =Stock!C16 -> 393 | F16: =Stock!D16+Stock!E16 -> 1313 | G16: =IFERROR(F16/E16,0) -> 3.3409669 | H16: =INDEX(Inputs!$C$5:$C$7,MATCH(C16,Inputs!$A$5:$A$7,0)) -> 12 | I16: =MAX(0,ROUND(H16*E16-F16,0)) -> 3403 | J16: =INDEX(Inputs!$C$26:$C$31,MATCH(A16,Inputs!$A$26:$A$31,0)) -> 5700 | K16: =SUMIF($A$5:$A$34,A16,$I$5:$I$34) -> 8195 | L16: =IF(K16>J16,"Yes","No") -> Yes | M16: =IF(AND(L16="Yes",D16="Y"),MIN(I16,Inputs!$B$11*E16),0) -> 1179 | N16: =SUMIF($A$5:$A$34,A16,$M$5:$M$34) -> 2553 | O16: =IF(N16>J16,M16*J16/N16,M16) -> 1179 | P16: =I16-O16 -> 2224 | Q16: =MAX(0,J16-MIN(N16,J16)) -> 3147 | R16: =IF(P16>0,P16/E16,0) -> 5.6590331 | S16: =SUMPRODUCT(($A$5:$A$34=A16)*(($P$5:$P$34<R16*$E$5:$E$34)*$P$5:$P$34+($P$5:$P$34>=R16*$E$5:$E$34)*R16*$E$5:$E$34)) -> 5133.145 | T16: =IF(AND(P16>0,S16<=Q16),R16,0) -> 0 | U16: =IF(L16="No",I16,ROUNDDOWN(O16+AI16,0)) -> 2175 | V16: =IFERROR((F16+U16)/E16,0) -> 8.8753181 | W16: =INDEX(Inputs!$B$5:$B$7,MATCH(C16,Inputs!$A$5:$A$7,0)) -> 7 | X16: =INDEX(Inputs!$D$5:$D$7,MATCH(C16,Inputs!$A$5:$A$7,0)) -> 18 | Y16: =IF(V16<W16,"Below band",IF(V16>X16,"Above band","Within band")) -> Within band | Z16: =IF(G16<W16,"Below band",IF(G16>X16,"Above band","Within band")) -> Below band | AA16: =MAX(0,ROUNDDOWN((V16-X16)*E16,0)) -> 0 | AB16: =MAX(0,ROUNDUP((W16-V16)*E16,0)) -> 0 | AC16: =A16&"|"&AA16 -> Malt drink 33cl can|0 | AD16: =A16&"|"&AB16 -> Malt drink 33cl can|0 | AE16: =_xlfn.MAXIFS($T$5:$T$34,$A$5:$A$34,A16) -> 1.9847162 | AF16: =SUMPRODUCT(($A$5:$A$34=A16)*(($P$5:$P$34<AE16*$E$5:$E$34)*$P$5:$P$34+($P$5:$P$34>=AE16*$E$5:$E$34)*AE16*$E$5:$E$34)) -> 2796.2795 | AG16: =SUMIFS($E$5:$E$34,$A$5:$A$34,A16,$R$5:$R$34,">"&AE16) -> 636 | AH16: =IF(AG16=0,AE16,AE16+(Q16-AF16)/AG16) -> 2.5361635 | AI16: =MIN(P16,AH16*E16) -> 996.71226
... A34: =Stock!A34 -> Shandy 33cl can | B34: =Stock!B34 -> Depot Coastal | C34: =INDEX(Inputs!$B$26:$B$31,MATCH(A34,Inputs!$A$26:$A$31,0)) -> Slow | D34: =INDEX(Inputs!$B$17:$B$21,MATCH(B34,Inputs!$A$17:$A$21,0)) -> N | E34: =Stock!C34 -> 48 | F34: =Stock!D34+Stock!E34 -> 548 | G34: =IFERROR(F34/E34,0) -> 11.416667 | H34: =INDEX(Inputs!$C$5:$C$7,MATCH(C34,Inputs!$A$5:$A$7,0)) -> 18 | I34: =MAX(0,ROUND(H34*E34-F34,0)) -> 316 | J34: =INDEX(Inputs!$C$26:$C$31,MATCH(A34,Inputs!$A$26:$A$31,0)) -> 4300 | K34: =SUMIF($A$5:$A$34,A34,$I$5:$I$34) -> 2887 | L34: =IF(K34>J34,"Yes","No") -> No | M34: =IF(AND(L34="Yes",D34="Y"),MIN(I34,Inputs!$B$11*E34),0) -> 0 | N34: =SUMIF($A$5:$A$34,A34,$M$5:$M$34) -> 0 | O34: =IF(N34>J34,M34*J34/N34,M34) -> 0 | P34: =I34-O34 -> 316 | Q34: =MAX(0,J34-MIN(N34,J34)) -> 4300 | R34: =IF(P34>0,P34/E34,0) -> 6.5833333 | S34: =SUMPRODUCT(($A$5:$A$34=A34)*(($P$5:$P$34<R34*$E$5:$E$34)*$P$5:$P$34+($P$5:$P$34>=R34*$E$5:$E$34)*R34*$E$5:$E$34)) -> 2090.0833 | T34: =IF(AND(P34>0,S34<=Q34),R34,0) -> 6.5833333 | U34: =IF(L34="No",I34,ROUNDDOWN(O34+AI34,0)) -> 316 | V34: =IFERROR((F34+U34)/E34,0) -> 18 | W34: =INDEX(Inputs!$B$5:$B$7,MATCH(C34,Inputs!$A$5:$A$7,0)) -> 10 | X34: =INDEX(Inputs!$D$5:$D$7,MATCH(C34,Inputs!$A$5:$A$7,0)) -> 28 | Y34: =IF(V34<W34,"Below band",IF(V34>X34,"Above band","Within band")) -> Within band | Z34: =IF(G34<W34,"Below band",IF(G34>X34,"Above band","Within band")) -> Within band | AA34: =MAX(0,ROUNDDOWN((V34-X34)*E34,0)) -> 0 | AB34: =MAX(0,ROUNDUP((W34-V34)*E34,0)) -> 0 | AC34: =A34&"|"&AA34 -> Shandy 33cl can|0 | AD34: =A34&"|"&AB34 -> Shandy 33cl can|0 | AE34: =_xlfn.MAXIFS($T$5:$T$34,$A$5:$A$34,A34) -> 11.752688 | AF34: =SUMPRODUCT(($A$5:$A$34=A34)*(($P$5:$P$34<AE34*$E$5:$E$34)*$P$5:$P$34+($P$5:$P$34>=AE34*$E$5:$E$34)*AE34*$E$5:$E$34)) -> 2887 | AG34: =SUMIFS($E$5:$E$34,$A$5:$A$34,A34,$R$5:$R$34,">"&AE34) -> 0 | AH34: =IF(AG34=0,AE34,AE34+(Q34-AF34)/AG34) -> 11.752688 | AI34: =MIN(P34,AH34*E34) -> 316

Sheet Transfers
A1: Suggested inter-depot transfers (BR-03)
A2: A transfer is suggested only if the depot with the most excess (above its max band) can cover the depot with the largest shortfall (below its min band), and the transfer arrives before that depot runs out.
A4: SKU | B4: Largest excess (cases) | C4: From depot | D4: Largest shortfall (cases) | E4: To depot | F4: To-depot projected cover (days) | G4: Transfer lead time (days) | H4: Suggestion | I4: Transfer qty (cases)
A5: =Inputs!A26 -> Lager 60cl bottle | B5: =_xlfn.MAXIFS(Allocation!$AA$5:$AA$34,Allocation!$A$5:$A$34,A5) -> 0 | C5: =IF(B5>0,INDEX(Allocation!$B$5:$B$34,MATCH(A5&"|"&B5,Allocation!$AC$5:$AC$34,0)),"–") -> – | D5: =_xlfn.MAXIFS(Allocation!$AB$5:$AB$34,Allocation!$A$5:$A$34,A5) -> 0 | E5: =IF(D5>0,INDEX(Allocation!$B$5:$B$34,MATCH(A5&"|"&D5,Allocation!$AD$5:$AD$34,0)),"–") -> – | F5: =IF(D5>0,INDEX(Allocation!$V$5:$V$34,MATCH(A5&"|"&D5,Allocation!$AD$5:$AD$34,0)),"–") -> – | G5: =Inputs!$B$12 -> 2 | H5: =IF(OR(B5=0,D5=0),"No transfer needed",IF(B5<D5,"No: excess too small to cover shortfall",IF(G5>F5,"No: would arrive after stockout","Transfer"))) -> No transfer needed | I5: =IF(H5="Transfer",D5,0) -> 0
A6: =Inputs!A27 -> Lager 33cl can | B6: =_xlfn.MAXIFS(Allocation!$AA$5:$AA$34,Allocation!$A$5:$A$34,A6) -> 0 | C6: =IF(B6>0,INDEX(Allocation!$B$5:$B$34,MATCH(A6&"|"&B6,Allocation!$AC$5:$AC$34,0)),"–") -> – | D6: =_xlfn.MAXIFS(Allocation!$AB$5:$AB$34,Allocation!$A$5:$A$34,A6) -> 0 | E6: =IF(D6>0,INDEX(Allocation!$B$5:$B$34,MATCH(A6&"|"&D6,Allocation!$AD$5:$AD$34,0)),"–") -> – | F6: =IF(D6>0,INDEX(Allocation!$V$5:$V$34,MATCH(A6&"|"&D6,Allocation!$AD$5:$AD$34,0)),"–") -> – | G6: =Inputs!$B$12 -> 2 | H6: =IF(OR(B6=0,D6=0),"No transfer needed",IF(B6<D6,"No: excess too small to cover shortfall",IF(G6>F6,"No: would arrive after stockout","Transfer"))) -> No transfer needed | I6: =IF(H6="Transfer",D6,0) -> 0
A7: =Inputs!A28 -> Malt drink 33cl can | B7: =_xlfn.MAXIFS(Allocation!$AA$5:$AA$34,Allocation!$A$5:$A$34,A7) -> 1422 | C7: =IF(B7>0,INDEX(Allocation!$B$5:$B$34,MATCH(A7&"|"&B7,Allocation!$AC$5:$AC$34,0)),"–") -> Depot Coastal | D7: =_xlfn.MAXIFS(Allocation!$AB$5:$AB$34,Allocation!$A$5:$A$34,A7) -> 53 | E7: =IF(D7>0,INDEX(Allocation!$B$5:$B$34,MATCH(A7&"|"&D7,Allocation!$AD$5:$AD$34,0)),"–") -> Depot North | F7: =IF(D7>0,INDEX(Allocation!$V$5:$V$34,MATCH(A7&"|"&D7,Allocation!$AD$5:$AD$34,0)),"–") -> 6.781893 | G7: =Inputs!$B$12 -> 2 | H7: =IF(OR(B7=0,D7=0),"No transfer needed",IF(B7<D7,"No: excess too small to cover shortfall",IF(G7>F7,"No: would arrive after stockout","Transfer"))) -> Transfer | I7: =IF(H7="Transfer",D7,0) -> 53
A8: =Inputs!A29 -> Stout 60cl bottle | B8: =_xlfn.MAXIFS(Allocation!$AA$5:$AA$34,Allocation!$A$5:$A$34,A8) -> 1965 | C8: =IF(B8>0,INDEX(Allocation!$B$5:$B$34,MATCH(A8&"|"&B8,Allocation!$AC$5:$AC$34,0)),"–") -> Depot North | D8: =_xlfn.MAXIFS(Allocation!$AB$5:$AB$34,Allocation!$A$5:$A$34,A8) -> 0 | E8: =IF(D8>0,INDEX(Allocation!$B$5:$B$34,MATCH(A8&"|"&D8,Allocation!$AD$5:$AD$34,0)),"–") -> – | F8: =IF(D8>0,INDEX(Allocation!$V$5:$V$34,MATCH(A8&"|"&D8,Allocation!$AD$5:$AD$34,0)),"–") -> – | G8: =Inputs!$B$12 -> 2 | H8: =IF(OR(B8=0,D8=0),"No transfer needed",IF(B8<D8,"No: excess too small to cover shortfall",IF(G8>F8,"No: would arrive after stockout","Transfer"))) -> No transfer needed | I8: =IF(H8="Transfer",D8,0) -> 0
A9: =Inputs!A30 -> Premium lager 33cl bottle | B9: =_xlfn.MAXIFS(Allocation!$AA$5:$AA$34,Allocation!$A$5:$A$34,A9) -> 576 | C9: =IF(B9>0,INDEX(Allocation!$B$5:$B$34,MATCH(A9&"|"&B9,Allocation!$AC$5:$AC$34,0)),"–") -> Depot Coastal | D9: =_xlfn.MAXIFS(Allocation!$AB$5:$AB$34,Allocation!$A$5:$A$34,A9) -> 0 | E9: =IF(D9>0,INDEX(Allocation!$B$5:$B$34,MATCH(A9&"|"&D9,Allocation!$AD$5:$AD$34,0)),"–") -> – | F9: =IF(D9>0,INDEX(Allocation!$V$5:$V$34,MATCH(A9&"|"&D9,Allocation!$AD$5:$AD$34,0)),"–") -> – | G9: =Inputs!$B$12 -> 2 | H9: =IF(OR(B9=0,D9=0),"No transfer needed",IF(B9<D9,"No: excess too small to cover shortfall",IF(G9>F9,"No: would arrive after stockout","Transfer"))) -> No transfer needed | I9: =IF(H9="Transfer",D9,0) -> 0
A10: =Inputs!A31 -> Shandy 33cl can | B10: =_xlfn.MAXIFS(Allocation!$AA$5:$AA$34,Allocation!$A$5:$A$34,A10) -> 0 | C10: =IF(B10>0,INDEX(Allocation!$B$5:$B$34,MATCH(A10&"|"&B10,Allocation!$AC$5:$AC$34,0)),"–") -> – | D10: =_xlfn.MAXIFS(Allocation!$AB$5:$AB$34,Allocation!$A$5:$A$34,A10) -> 0 | E10: =IF(D10>0,INDEX(Allocation!$B$5:$B$34,MATCH(A10&"|"&D10,Allocation!$AD$5:$AD$34,0)),"–") -> – | F10: =IF(D10>0,INDEX(Allocation!$V$5:$V$34,MATCH(A10&"|"&D10,Allocation!$AD$5:$AD$34,0)),"–") -> – | G10: =Inputs!$B$12 -> 2 | H10: =IF(OR(B10=0,D10=0),"No transfer needed",IF(B10<D10,"No: excess too small to cover shortfall",IF(G10>F10,"No: would arrive after stockout","Transfer"))) -> No transfer needed | I10: =IF(H10="Transfer",D10,0) -> 0
